{
    "root_group": {
        "name": "",
        "path": "",
        "id": "d41d8cd98f00b204e9800998ecf8427e",
        "groups": {},
        "checks": {
                "asyncRequest OK": {
                    "fails": 376,
                    "name": "asyncRequest OK",
                    "path": "::asyncRequest OK",
                    "id": "67eb0a80192a84390d9ebbff2a6dbf1d",
                    "passes": 31884
                }
            }
    },
    "metrics": {
        "data_sent": {
            "count": 3487644,
            "rate": 16607.463942695234
        },
        "checks": {
            "passes": 31884,
            "fails": 376,
            "value": 0.9883446993180409
        },
        "data_received": {
            "count": 110350524,
            "rate": 525467.1487077022
        },
        "http_req_connecting": {
            "min": 0,
            "med": 0,
            "max": 1.904,
            "p(90)": 0,
            "p(95)": 0,
            "p(99)": 0.5286,
            "avg": 0.013475867947923131
        },
        "iterations": {
            "count": 32260,
            "rate": 153.6156748771802
        },
        "http_req_duration": {
            "avg": 2227.796626125237,
            "min": 8.1989,
            "med": 1199.77935,
            "max": 60012.213,
            "p(90)": 1260.4282699999999,
            "p(95)": 1318.104635,
            "p(99)": 55533.43175
        },
        "http_req_failed": {
            "passes": 376,
            "fails": 31884,
            "value": 0.011655300681959082
        },
        "http_req_tls_handshaking": {
            "avg": 0,
            "min": 0,
            "med": 0,
            "max": 0,
            "p(90)": 0,
            "p(95)": 0,
            "p(99)": 0
        },
        "http_reqs": {
            "rate": 153.6156748771802,
            "count": 32260
        },
        "http_req_receiving": {
            "p(99)": 0.813264,
            "avg": 0.14259888716676997,
            "min": 0,
            "med": 0,
            "max": 23.9605,
            "p(90)": 0.529,
            "p(95)": 0.5366
        },
        "vus": {
            "min": 1,
            "max": 500,
            "value": 1
        },
        "http_req_duration{expected_response:true}": {
            "p(99)": 27291.72433499995,
            "avg": 1600.9028693796286,
            "min": 8.1989,
            "med": 1199.202,
            "max": 59961.6044,
            "p(90)": 1255.76434,
            "p(95)": 1297.87399
        },
        "http_req_blocked": {
            "med": 0,
            "max": 2.7162,
            "p(90)": 0,
            "p(95)": 0,
            "p(99)": 0.532141,
            "avg": 0.017332492250464994,
            "min": 0
        },
        "iteration_duration": {
            "p(95)": 1318.104635,
            "p(99)": 55536.066631,
            "avg": 2227.925684972097,
            "min": 8.1989,
            "med": 1199.87605,
            "max": 60031.6205,
            "p(90)": 1260.6144100000001
        },
        "http_req_sending": {
            "p(90)": 0,
            "p(95)": 0,
            "p(99)": 0.5288,
            "avg": 30.7120207718537,
            "min": 0,
            "med": 0,
            "max": 30015.8614
        },
        "http_req_waiting": {
            "max": 60012.213,
            "p(90)": 1260.34185,
            "p(95)": 1318.104635,
            "p(99)": 55026.53030399999,
            "avg": 2196.9420064662177,
            "min": 8.1989,
            "med": 1199.5833499999999
        },
        "vus_max": {
            "value": 500,
            "min": 500,
            "max": 500
        }
    }
}