{
    "metrics": {
        "http_req_duration{expected_response:true}": {
            "max": 710.9661,
            "p(90)": 641.1333,
            "p(95)": 645.659625,
            "p(99)": 657.126975,
            "avg": 412.95714701766246,
            "min": 7.8078,
            "med": 334.64545
        },
        "data_received": {
            "count": 113264686,
            "rate": 539347.047088302
        },
        "http_req_sending": {
            "med": 0,
            "max": 2.0029,
            "p(90)": 0,
            "p(95)": 0,
            "p(99)": 0.5251,
            "avg": 0.013635525270427185,
            "min": 0
        },
        "http_req_duration": {
            "avg": 412.95714701766246,
            "min": 7.8078,
            "med": 334.64545,
            "max": 710.9661,
            "p(90)": 641.1333,
            "p(95)": 645.659625,
            "p(99)": 657.126975
        },
        "http_req_connecting": {
            "min": 0,
            "med": 0,
            "max": 2.0039,
            "p(90)": 0,
            "p(95)": 0,
            "p(99)": 0,
            "avg": 0.0015600837254782132
        },
        "iteration_duration": {
            "min": 7.8468,
            "med": 334.67435,
            "max": 710.9661,
            "p(90)": 641.2406000000001,
            "p(95)": 645.744425,
            "p(99)": 657.18095,
            "avg": 413.0502135610841
        },
        "vus": {
            "value": 1,
            "min": 1,
            "max": 100
        },
        "data_sent": {
            "count": 3534408,
            "rate": 16830.245907407283
        },
        "iterations": {
            "count": 32726,
            "rate": 155.83561025377116
        },
        "http_req_tls_handshaking": {
            "p(99)": 0,
            "avg": 0,
            "min": 0,
            "med": 0,
            "max": 0,
            "p(90)": 0,
            "p(95)": 0
        },
        "http_req_waiting": {
            "avg": 412.8041071319435,
            "min": 7.7905,
            "med": 334.52485,
            "max": 710.4488,
            "p(90)": 641.01645,
            "p(95)": 645.48425,
            "p(99)": 656.88905
        },
        "vus_max": {
            "value": 100,
            "min": 100,
            "max": 100
        },
        "http_req_blocked": {
            "p(99)": 0,
            "avg": 0.004591349385809445,
            "min": 0,
            "med": 0,
            "max": 7.2645,
            "p(90)": 0,
            "p(95)": 0
        },
        "http_req_receiving": {
            "p(99)": 0.83055,
            "avg": 0.13940436044735,
            "min": 0,
            "med": 0,
            "max": 2.5731,
            "p(90)": 0.5262,
            "p(95)": 0.5328
        },
        "http_req_failed": {
            "passes": 0,
            "fails": 32726,
            "value": 0
        },
        "checks": {
            "passes": 32726,
            "fails": 0,
            "value": 1
        },
        "http_reqs": {
            "count": 32726,
            "rate": 155.83561025377116
        }
    },
    "root_group": {
        "path": "",
        "id": "d41d8cd98f00b204e9800998ecf8427e",
        "groups": {},
        "checks": {
                "asyncRequest OK": {
                    "name": "asyncRequest OK",
                    "path": "::asyncRequest OK",
                    "id": "67eb0a80192a84390d9ebbff2a6dbf1d",
                    "passes": 32726,
                    "fails": 0
                }
            },
        "name": ""
    }
}