{
    "root_group": {
        "checks": {
            "asyncRequest OK": {
                "path": "::asyncRequest OK",
                "id": "67eb0a80192a84390d9ebbff2a6dbf1d",
                "passes": 44412,
                "fails": 0,
                "name": "asyncRequest OK"
            }
        },
        "name": "",
        "path": "",
        "id": "d41d8cd98f00b204e9800998ecf8427e",
        "groups": {}
    },
    "metrics": {
        "vus": {
            "value": 1,
            "min": 1,
            "max": 100
        },
        "iteration_duration": {
            "avg": 304.2528239237119,
            "min": 4.6621,
            "med": 240.51895000000002,
            "max": 930.5569,
            "p(90)": 470.65288,
            "p(95)": 473.80224,
            "p(99)": 488.726513
        },
        "http_req_receiving": {
            "max": 1.7135,
            "p(90)": 0.5238,
            "p(95)": 0.5297,
            "p(99)": 0.6586339999999996,
            "avg": 0.11954820318832773,
            "min": 0,
            "med": 0
        },
        "http_req_failed": {
            "fails": 44412,
            "passes": 0,
            "value": 0
        },
        "data_received": {
            "count": 26869260,
            "rate": 127948.1625671175
        },
        "http_req_duration": {
            "min": 4.5112,
            "med": 240.4586,
            "max": 930.5569,
            "p(90)": 470.57379000000003,
            "p(95)": 473.762635,
            "p(99)": 488.654871,
            "avg": 304.17280974511107
        },
        "http_req_blocked": {
            "min": 0,
            "med": 0,
            "max": 8.4888,
            "p(90)": 0,
            "p(95)": 0,
            "p(99)": 0,
            "avg": 0.0037182293073944003
        },
        "http_req_connecting": {
            "med": 0,
            "max": 0.6085,
            "p(90)": 0,
            "p(95)": 0,
            "p(99)": 0,
            "avg": 0.0011291610375574169,
            "min": 0
        },
        "data_sent": {
            "count": 4530024,
            "rate": 21571.42575511733
        },
        "checks": {
            "passes": 44412,
            "fails": 0,
            "value": 1
        },
        "iterations": {
            "count": 44412,
            "rate": 211.48456622664048
        },
        "http_req_waiting": {
            "p(95)": 473.67472,
            "p(99)": 488.448757,
            "avg": 304.0412177789758,
            "min": 4.1515,
            "med": 240.33265,
            "max": 930.5569,
            "p(90)": 470.40034
        },
        "http_req_tls_handshaking": {
            "min": 0,
            "med": 0,
            "max": 0,
            "p(90)": 0,
            "p(95)": 0,
            "p(99)": 0,
            "avg": 0
        },
        "vus_max": {
            "value": 100,
            "min": 100,
            "max": 100
        },
        "http_reqs": {
            "count": 44412,
            "rate": 211.48456622664048
        },
        "http_req_duration{expected_response:true}": {
            "avg": 304.17280974511107,
            "min": 4.5112,
            "med": 240.4586,
            "max": 930.5569,
            "p(90)": 470.57379000000003,
            "p(95)": 473.762635,
            "p(99)": 488.654871
        },
        "http_req_sending": {
            "max": 1.5188,
            "p(90)": 0,
            "p(95)": 0,
            "p(99)": 0.5249,
            "avg": 0.012043762946951265,
            "min": 0,
            "med": 0
        }
    }
}