{
    "metrics": {
        "checks": {
            "passes": 32708,
            "fails": 0,
            "value": 1
        },
        "http_req_failed": {
            "passes": 0,
            "fails": 32708,
            "value": 0
        },
        "http_req_tls_handshaking": {
            "avg": 0,
            "min": 0,
            "med": 0,
            "max": 0,
            "p(90)": 0,
            "p(95)": 0,
            "p(99)": 0
        },
        "http_reqs": {
            "count": 32708,
            "rate": 155.75160286187352
        },
        "data_sent": {
            "count": 3139968,
            "rate": 14952.153874739857
        },
        "http_req_duration{expected_response:true}": {
            "avg": 413.12507784639877,
            "min": 6.229,
            "med": 344.3103,
            "max": 1335.2567,
            "p(90)": 634.9840899999999,
            "p(95)": 641.323885,
            "p(99)": 681.1290190000001
        },
        "data_received": {
            "count": 19788340,
            "rate": 94229.71973143348
        },
        "vus": {
            "max": 100,
            "value": 1,
            "min": 1
        },
        "http_req_blocked": {
            "avg": 0.005344291916350737,
            "min": 0,
            "med": 0,
            "max": 8.321,
            "p(90)": 0,
            "p(95)": 0,
            "p(99)": 0
        },
        "http_req_connecting": {
            "p(99)": 0,
            "avg": 0.0016555827320533202,
            "min": 0,
            "med": 0,
            "max": 1.9012,
            "p(90)": 0,
            "p(95)": 0
        },
        "http_req_sending": {
            "max": 1.5257,
            "p(90)": 0,
            "p(95)": 0,
            "p(99)": 0.5272,
            "avg": 0.014662584077289957,
            "min": 0,
            "med": 0
        },
        "iteration_duration": {
            "p(95)": 641.434235,
            "p(99)": 681.1290190000001,
            "avg": 413.2351856304261,
            "min": 6.2291,
            "med": 344.46325,
            "max": 1335.7803,
            "p(90)": 635.05017
        },
        "http_req_waiting": {
            "p(90)": 634.75696,
            "p(95)": 641.13747,
            "p(99)": 681.0388790000001,
            "avg": 412.94764939464545,
            "min": 6.0263,
            "med": 344.16650000000004,
            "max": 1335.2567
        },
        "iterations": {
            "count": 32708,
            "rate": 155.75160286187352
        },
        "vus_max": {
            "value": 100,
            "min": 100,
            "max": 100
        },
        "http_req_receiving": {
            "max": 2.5202,
            "p(90)": 0.5282,
            "p(95)": 0.5396649999999997,
            "p(99)": 0.8343830000000009,
            "avg": 0.16276586767763399,
            "min": 0,
            "med": 0
        },
        "http_req_duration": {
            "avg": 413.12507784639877,
            "min": 6.229,
            "med": 344.3103,
            "max": 1335.2567,
            "p(90)": 634.9840899999999,
            "p(95)": 641.323885,
            "p(99)": 681.1290190000001
        }
    },
    "root_group": {
        "path": "",
        "id": "d41d8cd98f00b204e9800998ecf8427e",
        "groups": {},
        "checks": {
                "syncRequest OK": {
                    "name": "syncRequest OK",
                    "path": "::syncRequest OK",
                    "id": "0961f939071411c8c10ba7da01f68396",
                    "passes": 32708,
                    "fails": 0
                }
            },
        "name": ""
    }
}