{
    "root_group": {
        "name": "",
        "path": "",
        "id": "d41d8cd98f00b204e9800998ecf8427e",
        "groups": {},
        "checks": {
                "syncRequest OK": {
                    "name": "syncRequest OK",
                    "path": "::syncRequest OK",
                    "id": "0961f939071411c8c10ba7da01f68396",
                    "passes": 32633,
                    "fails": 0
                }
            }
    },
    "metrics": {
        "http_req_sending": {
            "avg": 0.013821723408819283,
            "min": 0,
            "med": 0,
            "max": 1.5204,
            "p(90)": 0,
            "p(95)": 0,
            "p(99)": 0.5264
        },
        "vus_max": {
            "value": 100,
            "min": 100,
            "max": 100
        },
        "http_req_connecting": {
            "max": 0.6276,
            "p(90)": 0,
            "p(95)": 0,
            "p(99)": 0,
            "avg": 0.0015053657340728715,
            "min": 0,
            "med": 0
        },
        "http_req_receiving": {
            "p(95)": 0.5336,
            "p(99)": 0.8777080000000002,
            "avg": 0.15310954861643175,
            "min": 0,
            "med": 0,
            "max": 4.2194,
            "p(90)": 0.5267799999999999
        },
        "http_req_duration": {
            "p(90)": 640.84216,
            "p(95)": 646.6143,
            "p(99)": 659.436376,
            "avg": 414.052493662856,
            "min": 7.6663,
            "med": 338.8486,
            "max": 1223.0776
        },
        "http_req_tls_handshaking": {
            "p(99)": 0,
            "avg": 0,
            "min": 0,
            "med": 0,
            "max": 0,
            "p(90)": 0,
            "p(95)": 0
        },
        "data_received": {
            "count": 112942813,
            "rate": 537821.7898779659
        },
        "data_sent": {
            "count": 3328566,
            "rate": 15850.281007671922
        },
        "vus": {
            "value": 1,
            "min": 1,
            "max": 100
        },
        "checks": {
            "passes": 32633,
            "fails": 0,
            "value": 1
        },
        "http_req_duration{expected_response:true}": {
            "med": 338.8486,
            "max": 1223.0776,
            "p(90)": 640.84216,
            "p(95)": 646.6143,
            "p(99)": 659.436376,
            "avg": 414.052493662856,
            "min": 7.6663
        },
        "iterations": {
            "count": 32633,
            "rate": 155.3949118399208
        },
        "http_req_waiting": {
            "max": 1223.0776,
            "p(90)": 640.66692,
            "p(95)": 646.46472,
            "p(99)": 659.310292,
            "avg": 413.8855623908316,
            "min": 7.6663,
            "med": 338.5878
        },
        "iteration_duration": {
            "min": 7.6663,
            "med": 338.8742,
            "max": 1223.0776,
            "p(90)": 640.97698,
            "p(95)": 646.7197199999999,
            "p(99)": 659.554072,
            "avg": 414.14927541752036
        },
        "http_req_failed": {
            "passes": 0,
            "fails": 32633,
            "value": 0
        },
        "http_reqs": {
            "count": 32633,
            "rate": 155.3949118399208
        },
        "http_req_blocked": {
            "med": 0,
            "max": 7.8009,
            "p(90)": 0,
            "p(95)": 0,
            "p(99)": 0,
            "avg": 0.004801709925535504,
            "min": 0
        }
    }
}