{
    "root_group": {
        "name": "",
        "path": "",
        "id": "d41d8cd98f00b204e9800998ecf8427e",
        "groups": {},
        "checks": {
                "syncRequest OK": {
                    "name": "syncRequest OK",
                    "path": "::syncRequest OK",
                    "id": "0961f939071411c8c10ba7da01f68396",
                    "passes": 32086,
                    "fails": 375
                }
            }
    },
    "metrics": {
        "data_received": {
            "count": 111049646,
            "rate": 528798.1258363269
        },
        "vus_max": {
            "value": 500,
            "min": 500,
            "max": 500
        },
        "http_reqs": {
            "count": 32461,
            "rate": 154.5733514789683
        },
        "http_req_waiting": {
            "p(90)": 1230.2837,
            "p(95)": 1253.2966,
            "p(99)": 59999.520639999995,
            "avg": 2200.8506445673274,
            "min": 7.8031,
            "med": 1163.9535,
            "max": 60000.8441
        },
        "http_req_connecting": {
            "avg": 0.013202116385816821,
            "min": 0,
            "med": 0,
            "max": 3.0978,
            "p(90)": 0,
            "p(95)": 0,
            "p(99)": 0.5274
        },
        "http_req_tls_handshaking": {
            "p(95)": 0,
            "p(99)": 0,
            "avg": 0,
            "min": 0,
            "med": 0,
            "max": 0,
            "p(90)": 0
        },
        "data_sent": {
            "count": 3314898,
            "rate": 15784.938654721946
        },
        "vus": {
            "value": 1,
            "min": 1,
            "max": 500
        },
        "http_req_blocked": {
            "med": 0,
            "max": 3.0978,
            "p(90)": 0,
            "p(95)": 0,
            "p(99)": 0.5317,
            "avg": 0.01835668032408122,
            "min": 0
        },
        "checks": {
            "passes": 32086,
            "fails": 375,
            "value": 0.9884476756723453
        },
        "iterations": {
            "count": 32461,
            "rate": 154.5733514789683
        },
        "http_req_duration": {
            "avg": 2236.1566514833175,
            "min": 7.8031,
            "med": 1164.1101,
            "max": 60000.8441,
            "p(90)": 1230.5278,
            "p(95)": 1253.4711,
            "p(99)": 59999.60176
        },
        "iteration_duration": {
            "med": 1164.2303,
            "max": 60003.6526,
            "p(90)": 1230.6099,
            "p(95)": 1253.6019,
            "p(99)": 60000.18752,
            "avg": 2236.2743613844245,
            "min": 7.8165
        },
        "http_req_sending": {
            "avg": 35.145277619297005,
            "min": 0,
            "med": 0,
            "max": 30014.0239,
            "p(90)": 0,
            "p(95)": 0,
            "p(99)": 0.5296
        },
        "http_req_duration{expected_response:true}": {
            "max": 59940.4257,
            "p(90)": 1228.4553999999998,
            "p(95)": 1243.752925,
            "p(99)": 24918.80497000013,
            "avg": 1564.45291838185,
            "min": 7.8031,
            "med": 1163.4913000000001
        },
        "http_req_receiving": {
            "max": 4.8145,
            "p(90)": 0.5289,
            "p(95)": 0.537,
            "p(99)": 0.8709600000000014,
            "avg": 0.1607292966944964,
            "min": 0,
            "med": 0
        },
        "http_req_failed": {
            "passes": 375,
            "fails": 32086,
            "value": 0.011552324327654724
        }
    }
}